USE library;

##############  Users and Permissions ##############

INSERT INTO users
(login, password, active, name, address, phone, comments)
VALUES
  ('(reader) Creator', 'd41d8cd98f00b204e9800998ecf8427e', TRUE, 'Creator', 'Kazan', '843', '')
  , ('(librarian) I.Prokhorova', 'd41d8cd98f00b204e9800998ecf8427e', TRUE, 'I.Prokhorova', 'Moskow', '495', '')
  , ('(reader) W.Pukin', 'd41d8cd98f00b204e9800998ecf8427e', TRUE, 'W.Pukin', 'Mordor', '03', '')
  , ('(reader) R.Intelligence', 'd41d8cd98f00b204e9800998ecf8427e', TRUE, 'R.Intelligence', '', '7', '')
  , ('(reader) I.Sidorov', 'd41d8cd98f00b204e9800998ecf8427e', FALSE, 'I.Sidorov', '', '', 'need to bring passport')
  , ('(auditor) Auditor', 'd41d8cd98f00b204e9800998ecf8427e', FALSE, 'Auditor', '', '', '')
;

INSERT INTO roles
(name)
VALUES
  ('USER')
  , ('LIBRARIAN')
  , ('AUDITOR')
;

INSERT INTO activities
(name)
VALUES
  ('BOOKS_READ')
  , ('BOOKS_MANAGE')
  , ('USERS_SERVE')
  , ('USERS_MANAGE')
  , ('REPORTS')
;

INSERT INTO user_roles
(user_id, role_id)
VALUES
  (1, 1)
  , (2, 2)
  , (3, 1)
  , (4, 3)
;

INSERT INTO role_activities
(role_id, activity_id)
VALUES
  (1, 1)
  , (2, 1)
  , (2, 2)
  , (2, 3)
  , (2, 4)
  , (2, 5)
;

##############  Books ##############

INSERT INTO categories
(category_id, name)
VALUES
  (1, 'Social')
  , (2, 'IT')
  , (3, 'Science')
  , (4, 'Management')
  , (5, 'Development')
;

INSERT INTO books
(book_id, title, author, year, category_id, active)
VALUES
  ('978-5-9221-0530-9', 'Теоретическая физика. В 10 томах. Том 3. Квантовая механика. Нерелятивистская теория', 'Лев Ландау, Евгений Лифшиц', 2008, 3, TRUE)
  , ('978-5-496-00740-5', 'Структуры данных и алгоритмы в Java', 'Роберт Лафоре', 2016, 2, TRUE)
  , ('978-5-8459-1918-2', 'Java 8. Полное руководство', 'Герберт Шилдт', 2015, 2, TRUE)
  , ('978-5-91657-583-5', 'От хорошего к великому. Почему одни компании совершают прорыв, а другие нет...', 'Джим Коллинз', 2016, 4, TRUE)
  , ('978-5-9614-5347-8', 'Стратегическое сафари. Экскурсия по дебрям стратегического менеджмента', 'Генри Минцберг, Брюс Альстранд, ...', 2015, 4, TRUE)
  , ('978-5-91671-509-5', 'После трех уже поздно', 'Масару Ибука', 2016, 5, TRUE)
  , ('978-5-9614-5515-1', 'Семь навыков высокоэффективных людей. Мощные инструменты развития личности', '	Стивен Р. Кови', 2016, 5, TRUE)
  , ('000-0-0000-0000-1', 'Фейнмановские лекции по физике в 9 томах + дополнительный том (комплект из 10 книг)', '	Ричард Фейнман, Роберт Лейтон, ...', 1967, 3, TRUE)
  , ('978-5-86793-857-4', 'Новое литературное обозрение. Интеллектуальный язык эпохи. История идей, история слов', '', 2011, 1, TRUE)
  , ('978-5-17-080115-2', '1984', 'Джордж Оруэлл', 2013, 1, TRUE)
  , ('978-5-17-089655-4', 'Гибель империи. Уроки для современной России', 'Егор Гайдар', 2015, 1, TRUE)
;

INSERT INTO library.borrowed_books
(user_id, book_id, librarian_id, date, expire_date)
VALUES (1, '978-5-496-00740-5', 2, '2016-07-04', '2016-12-04')
  , (1, '978-5-8459-1918-2', 2, '2016-07-02', '2016-12-02')
  , (1, '000-0-0000-0000-1', 2, '2016-04-02', '2016-05-06')
  , (1, '978-5-9614-5347-8', 2, '2016-05-12', '2016-11-08')
  , (2, '978-5-86793-857-4', 2, '2010-01-01', '2016-12-31')
  , (3, '978-5-17-080115-2', 2, '2012-03-04', '2018-03-10')
  , (3, '978-5-17-089655-4', 2, '2012-03-04', '2012-05-06')
;

